Date,Open,High,Low,Close,Volume,Change
2015-01-02,49000,49400,48650,49100,147917,-0.00908173562058523
2015-01-05,48700,49750,48400,49500,164037,0.008146639511201537
2015-01-06,48900,49150,48000,48000,181097,-0.030303030303030276
2015-01-07,47450,47750,46900,47600,165689,-0.008333333333333304
2015-01-08,47500,48050,46800,46800,225881,-0.01680672268907568
2015-01-09,46950,47650,46900,47600,144222,0.017094017094017033
2015-01-12,47600,47850,46800,46950,204460,-0.013655462184873901
2015-01-13,46850,46900,46000,46100,193413,-0.018104366347177825
2015-01-14,46150,46450,44700,44950,302813,-0.024945770065075923
2015-01-15,44950,46500,44850,46050,237946,0.024471635150166815
2015-01-16,45750,45900,44250,44900,319772,-0.02497285559174811
2015-01-19,45050,45900,44350,44700,288708,-0.0044543429844098315
2015-01-20,44950,45600,44450,45050,321744,0.007829977628635243
2015-01-21,45100,45300,43400,43900,442435,-0.025527192008878985
2015-01-22,43900,44900,43900,44700,347225,0.018223234624145768
2015-01-23,45400,45800,44350,44650,311884,-0.0011185682326622093
2015-01-26,44000,44650,43650,44050,215210,-0.013437849944008984
2015-01-27,44300,44850,43650,44500,235113,0.010215664018161208
2015-01-28,44300,44700,43850,44700,301584,0.004494382022471877
2015-01-29,44500,44750,43950,44350,240718,-0.007829977628635354
2015-01-30,44550,45500,44350,45200,330343,0.01916572717023679
2015-02-02,45300,46950,45250,46100,422761,0.019911504424778848
2015-02-03,46700,46700,45950,46100,265693,0.0
2015-02-04,46000,46800,45600,46700,228446,0.013015184381778733
2015-02-05,46650,46650,44750,45250,336262,-0.031049250535331918
2015-02-06,45350,45800,44150,45000,276558,-0.0055248618784530246
2015-02-09,45150,45200,44300,44500,144804,-0.011111111111111072
2015-02-10,44350,45000,44250,44650,128224,0.003370786516853963
2015-02-11,44600,45000,43800,44000,248307,-0.014557670772676334
2015-02-12,43600,43700,41500,41900,984830,-0.04772727272727273
2015-02-13,41600,42200,41400,41850,361235,-0.0011933174224343368
2015-02-16,41450,41500,40400,41200,433728,-0.015531660692950977
2015-02-17,41000,41300,40750,41000,287340,-0.004854368932038833
2015-02-23,41550,42100,41450,41800,338455,0.019512195121951237
2015-02-24,42000,42450,41500,41500,334580,-0.0071770334928229484
2015-02-25,41900,43250,41650,42700,480339,0.028915662650602414
2015-02-26,43150,43250,42250,42650,252628,-0.0011709601873536313
2015-02-27,42500,43150,42000,42400,238793,-0.0058616647127783805
2015-03-02,42600,42600,41750,42000,225188,-0.009433962264150941
2015-03-03,42050,42350,41800,42350,220974,0.008333333333333304
2015-03-04,42450,42450,41950,41950,200436,-0.009445100354191216
2015-03-05,41950,41950,41500,41750,263558,-0.004767580452920139
2015-03-06,41700,42100,41600,41950,176282,0.004790419161676551
2015-03-09,41900,41900,41400,41550,153158,-0.009535160905840279
2015-03-10,41900,42450,41700,42050,244550,0.012033694344163681
2015-03-11,41800,41800,41400,41550,185951,-0.01189060642092743
2015-03-12,41750,41750,40900,41000,319367,-0.013237063778580027
2015-03-13,41400,41900,41100,41850,177137,0.02073170731707319
2015-03-16,41650,41750,41100,41400,135494,-0.010752688172043001
2015-03-17,41700,41700,41200,41550,251915,0.0036231884057971175
2015-03-18,41500,41900,41250,41250,196215,-0.0072202166064981865
2015-03-19,41350,42000,41350,41500,283268,0.0060606060606061
2015-03-20,41600,41950,41150,41150,316887,-0.008433734939759074
2015-03-23,41350,41400,40850,41250,207922,0.002430133657351119
2015-03-24,41200,41350,40700,41050,247623,-0.00484848484848488
2015-03-25,41050,41200,40600,40650,252620,-0.00974421437271622
2015-03-26,40650,41250,40600,41050,165857,0.009840098400984099
2015-03-27,41200,41200,40800,41150,171691,0.0024360535931791105
2015-03-30,41200,41200,40750,40900,152828,-0.0060753341433779084
2015-03-31,41100,41150,40400,40500,263181,-0.009779951100244544
2015-04-01,40700,40700,39500,39700,519959,-0.01975308641975304
2015-04-02,39800,39800,38900,39500,409724,-0.005037783375314908
2015-04-03,39200,39450,39100,39450,235718,-0.0012658227848101333
2015-04-06,39050,39150,37250,37450,1234795,-0.05069708491761726
2015-04-07,37450,37750,37100,37700,608946,0.006675567423231055
2015-04-08,37750,38450,37700,38150,555550,0.011936339522546469
2015-04-09,37950,38700,37850,38050,417953,-0.002621231979030192
2015-04-10,38100,38900,38100,38900,391210,0.02233902759526929
2015-04-13,39150,39200,38500,39100,335721,0.005141388174807249
2015-04-14,39200,42100,39150,41800,1505973,0.06905370843989767
2015-04-15,41850,42250,40650,41900,884360,0.0023923444976077235
2015-04-16,42000,44250,42000,43450,1355803,0.03699284009546533
2015-04-17,43900,44150,43200,43400,538004,-0.0011507479861909697
2015-04-20,42600,43050,42400,42950,464397,-0.010368663594470084
2015-04-21,43500,43950,43050,43800,417174,0.019790454016298087
2015-04-22,43900,44150,42550,43900,506425,0.0022831050228311334
2015-04-23,43450,44950,43050,44550,712439,0.01480637813211838
2015-04-24,44800,47000,44500,45850,1105337,0.029180695847362603
2015-04-27,46000,46150,45150,45700,326286,-0.0032715376226826187
2015-04-28,45700,47100,45700,46350,402690,0.01422319474835887
2015-04-29,46700,47500,45600,46500,379567,0.003236245954692629
2015-04-30,46000,46750,45800,46350,241263,-0.003225806451612856
2015-05-04,48200,49650,48000,49500,1187608,0.06796116504854366
2015-05-06,49800,51000,49100,49950,958323,0.009090909090909038
2015-05-07,49700,50300,48450,49700,623193,-0.005005005005005003
2015-05-08,49050,50300,47550,49950,652609,0.005030181086519203
2015-05-11,49950,51700,49600,50700,739265,0.01501501501501501
2015-05-12,51000,51700,50300,51200,549261,0.009861932938856066
2015-05-13,50800,52300,50700,52000,533018,0.015625
2015-05-14,52000,53200,51700,52000,466564,0.0
2015-05-15,52600,52900,49700,50300,592011,-0.03269230769230769
2015-05-18,49700,50700,48950,50700,484764,0.007952286282306265
2015-05-19,50500,51500,49650,50800,259480,0.0019723865877712132
2015-05-20,50800,51600,50200,51100,229228,0.0059055118110236116
2015-05-21,51500,52300,50000,50600,299716,-0.009784735812133127
2015-05-22,50200,51900,50200,51600,248576,0.01976284584980248
2015-05-26,52100,52100,50900,51400,203988,-0.003875968992248069
2015-05-27,50600,51000,49500,50600,347189,-0.015564202334630295
2015-05-28,50200,51500,49700,51400,308292,0.015810276679841806
2015-05-29,51800,52000,50600,52000,307540,0.011673151750972721
2015-06-01,52000,52100,49900,50200,366024,-0.0346153846153846
2015-06-02,50100,51700,50000,50500,313792,0.005976095617529875
2015-06-03,50800,50800,49600,50000,332687,-0.00990099009900991
2015-06-04,49550,50200,47400,47850,720343,-0.04300000000000004
2015-06-05,47600,47600,45400,46900,674150,-0.019853709508881878
2015-06-08,46850,46850,45650,46200,349087,-0.014925373134328401
2015-06-09,46400,47450,46200,47150,333637,0.02056277056277067
2015-06-10,47300,47500,46250,46800,266979,-0.007423117709437932
2015-06-11,47150,47850,46750,47000,316953,0.004273504273504258
2015-06-12,47450,48500,47000,47000,296359,0.0
2015-06-15,47100,47150,45950,45950,222047,-0.022340425531914843
2015-06-16,46100,46150,43950,44150,529802,-0.03917301414581065
2015-06-17,44150,45200,43100,45000,469291,0.01925254813137034
2015-06-18,45000,45000,43850,44050,255131,-0.02111111111111108
2015-06-19,44100,44800,43300,43500,324538,-0.012485811577752526
2015-06-22,43150,44500,43150,43950,285853,0.010344827586206806
2015-06-23,43800,44850,43800,44700,210883,0.017064846416382284
2015-06-24,45200,46450,44800,44900,271541,0.004474272930648837
2015-06-25,44600,44900,44000,44350,227211,-0.012249443207126953
2015-06-26,44300,44350,43450,43900,260876,-0.01014656144306647
2015-06-29,43400,43400,41700,42150,434259,-0.03986332574031892
2015-06-30,41700,43500,41650,43200,433880,0.02491103202846978
2015-07-01,43000,43600,42550,43600,316267,0.0092592592592593
2015-07-02,43600,43700,42750,43050,345053,-0.012614678899082521
2015-07-03,43150,44350,43150,44000,307616,0.022067363530778206
2015-07-06,43300,43900,42800,43050,221089,-0.021590909090909105
2015-07-07,43050,43200,42150,42900,259911,-0.0034843205574912606
2015-07-08,43300,44550,43000,44350,449484,0.03379953379953382
2015-07-09,44200,44950,43950,44850,521053,0.011273957158962844
2015-07-10,45000,45050,43500,43650,295067,-0.026755852842809347
2015-07-13,43350,44950,43050,44950,237627,0.02978235967926679
2015-07-14,44950,46400,44450,46100,311242,0.025583982202447064
2015-07-15,45950,46100,44900,45600,249488,-0.010845986984815648
2015-07-16,45600,46050,44550,45150,209825,-0.009868421052631526
2015-07-17,45150,45150,44150,44750,216074,-0.008859357696566983
2015-07-20,44800,45100,43900,44150,230330,-0.013407821229050265
2015-07-21,44250,44250,42550,43450,431909,-0.015855039637599044
2015-07-22,43550,43550,42750,43100,176034,-0.008055235903337121
2015-07-23,43000,43150,42200,42800,139634,-0.00696055684454755
2015-07-24,42500,42650,41500,42050,181582,-0.017523364485981352
2015-07-27,41350,41650,40500,41500,219800,-0.013079667063020217
2015-07-28,41650,42300,41200,41550,241398,0.00120481927710836
2015-07-29,41600,41950,40950,41950,200416,0.00962695547533099
2015-07-30,41950,42450,41900,42150,159438,0.004767580452920139
2015-07-31,42150,42650,42100,42350,207049,0.004744958481613271
2015-08-03,42350,42400,41150,41650,164667,-0.016528925619834656
2015-08-04,41650,41650,40200,41000,329858,-0.015606242496998823
2015-08-05,40850,41200,40600,41050,180423,0.0012195121951219523
2015-08-06,41150,41250,40250,40450,277495,-0.01461632155907433
2015-08-07,40700,40700,40200,40450,158981,0.0
2015-08-10,40450,40800,40100,40300,207951,-0.003708281829419069
2015-08-11,40500,40700,40200,40500,161485,0.00496277915632759
2015-08-12,40100,41950,40100,41150,362123,0.016049382716049276
2015-08-13,40800,40900,38750,39300,920302,-0.04495747266099637
2015-08-17,39550,39550,38650,39150,217881,-0.003816793893129722
2015-08-18,39350,39350,38650,38700,245151,-0.011494252873563204
2015-08-19,38700,39950,38700,39950,345101,0.03229974160206717
2015-08-20,40200,40250,38650,38650,288139,-0.03254067584480602
2015-08-21,37700,38150,37050,37200,332394,-0.03751617076325997
2015-08-24,36300,37150,35200,35500,438875,-0.045698924731182755
2015-08-25,36300,37300,35550,36950,397857,0.04084507042253516
2015-08-26,38100,38800,37350,37700,365832,0.020297699594046037
2015-08-27,39500,39550,38700,39000,420853,0.034482758620689724
2015-08-28,39450,40250,39100,39950,335802,0.024358974358974272
2015-08-31,40900,41050,40250,40250,344731,0.007509386733416834
2015-09-01,40250,40400,38950,39250,239134,-0.024844720496894457
2015-09-02,38350,39200,38350,38650,174171,-0.015286624203821653
2015-09-03,39050,39550,38600,39050,125350,0.010349288486416475
2015-09-04,38950,39150,38150,38250,115602,-0.020486555697823317
2015-09-07,38150,38500,37550,38150,120544,-0.002614379084967311
2015-09-08,38200,38800,37850,38250,82231,0.002621231979030192
2015-09-09,38950,38950,38450,38700,96344,0.0117647058823529
2015-09-10,38850,41900,38850,41900,639079,0.08268733850129206
2015-09-11,41200,41750,40600,40750,184408,-0.027446300715990413
2015-09-14,41050,41050,39950,40250,165632,-0.012269938650306789
2015-09-15,40250,40950,40150,40800,169146,0.013664596273291973
2015-09-16,41000,41500,40850,41250,210222,0.011029411764705843
2015-09-17,41350,41650,41050,41200,176380,-0.00121212121212122
2015-09-18,41500,42150,41250,41300,207368,0.0024271844660195274
2015-09-21,40900,40950,40500,40700,104377,-0.014527845036319653
2015-09-22,41200,41600,40950,41550,110540,0.020884520884520974
2015-09-23,40800,40850,39750,39950,300416,-0.038507821901323736
2015-09-24,39950,39950,39000,39950,116835,0.0
2015-09-25,39600,39950,39200,39750,159371,-0.005006257822277815
2015-09-30,39400,39750,38700,39750,172387,0.0
2015-10-01,39750,39950,39300,39600,132128,-0.0037735849056603765
2015-10-02,40350,40400,39100,39250,183552,-0.008838383838383868
2015-10-05,39500,39650,39200,39550,95941,0.007643312101910826
2015-10-06,39750,40150,39100,39100,161207,-0.011378002528445008
2015-10-07,39100,39800,39100,39800,183389,0.01790281329923271
2015-10-08,39850,40000,39200,39850,204601,0.0012562814070351536
2015-10-12,40400,41500,40050,41400,428186,0.038895859473023764
2015-10-13,41300,42000,40850,41950,347670,0.013285024154589431
2015-10-14,41700,42100,41250,41350,224637,-0.014302741358760418
2015-10-15,41250,41600,40700,41050,269349,-0.00725513905683195
2015-10-16,41150,41950,40900,41550,199311,0.01218026796589533
2015-10-19,41750,43500,41700,42950,360067,0.03369434416365835
2015-10-20,42600,43150,42500,42850,188802,-0.002328288707799775
2015-10-21,42850,43400,42550,43250,232311,0.009334889148191472
2015-10-22,43000,43800,42800,43350,225858,0.0023121387283238093
2015-10-23,43650,44300,43500,43700,195386,0.008073817762399127
2015-10-26,44000,44000,41550,43500,358891,-0.004576659038901587
2015-10-27,43500,43900,42900,43350,174130,-0.0034482758620689724
2015-10-28,43500,43500,42250,42800,251589,-0.012687427912341454
2015-10-29,43000,43150,42150,42400,150201,-0.009345794392523366
2015-10-30,42750,42900,42300,42600,117030,0.004716981132075526
2015-11-02,42750,42750,41950,42100,123294,-0.011737089201877882
2015-11-03,42100,42650,41800,42650,117624,0.013064133016627011
2015-11-04,42900,42900,42150,42300,162786,-0.008206330597889777
2015-11-05,42050,42500,41700,42500,151979,0.004728132387706863
2015-11-06,42500,42500,41900,41900,92657,-0.014117647058823568
2015-11-09,41800,42200,40600,41000,210115,-0.021479713603818618
2015-11-10,40500,40550,39600,40050,327899,-0.023170731707317094
2015-11-11,39550,40000,39200,39650,252822,-0.009987515605493158
2015-11-12,39700,39750,38350,38850,509466,-0.020176544766708715
2015-11-13,38400,38750,38000,38050,224393,-0.020592020592020588
2015-11-16,37700,37900,37050,37200,261797,-0.0223390275952694
2015-11-17,38000,38200,37550,38000,213664,0.021505376344086002
2015-11-18,37600,38450,37600,37700,158642,-0.007894736842105288
2015-11-19,37950,38400,37900,38350,136046,0.01724137931034475
2015-11-20,38700,38850,38250,38400,207253,0.0013037809647979959
2015-11-23,38300,39100,38300,38550,157680,0.00390625
2015-11-24,38550,38650,37900,38100,242273,-0.011673151750972721
2015-11-25,38400,39150,38150,38650,225789,0.014435695538057791
2015-11-26,38950,38950,38500,38800,95986,0.0038809831824062613
2015-11-27,38800,39200,38650,38850,97137,0.0012886597938144284
2015-11-30,38650,38700,38100,38350,207836,-0.012870012870012881
2015-12-01,38150,38400,37950,38100,206798,-0.006518904823989535
2015-12-02,38100,38350,37550,37650,200298,-0.011811023622047223
2015-12-03,37650,37750,37000,37250,193557,-0.010624169986719778
2015-12-04,37250,37500,37050,37150,145890,-0.0026845637583892135
2015-12-07,37450,37450,37000,37050,137697,-0.0026917900403768957
2015-12-08,36500,36950,36500,36650,171998,-0.010796221322537103
2015-12-09,36550,37100,36300,36550,188484,-0.0027285129604365244
2015-12-10,36550,36900,35900,36050,190637,-0.013679890560875485
2015-12-11,36000,36200,35450,36000,189325,-0.001386962552011095
2015-12-14,35850,36000,35300,36000,140398,0.0
2015-12-15,36000,36300,35950,36250,100681,0.00694444444444442
2015-12-16,36450,37200,36400,36450,171935,0.0055172413793103114
2015-12-17,36700,37200,36600,37050,126977,0.016460905349794164
2015-12-18,37000,37300,36750,37000,84553,-0.0013495276653171517
2015-12-21,37050,37150,36500,36700,104186,-0.008108108108108136
2015-12-22,36700,37150,36450,36950,120909,0.006811989100817373
2015-12-23,36900,37700,36900,37550,179933,0.016238159675236785
2015-12-24,37900,38650,37700,38350,232271,0.02130492676431417
2015-12-28,38500,38600,38000,38000,155372,-0.009126466753585416
2015-12-29,37300,37750,36700,37000,200721,-0.02631578947368418
2015-12-30,36900,37400,36600,36850,95946,-0.004054054054054013
2016-01-04,36600,36700,36050,36050,152106,-0.02170963364993217
2016-01-05,36200,36850,36200,36500,190772,0.012482662968099856
2016-01-06,36750,36750,35950,36350,167872,-0.004109589041095929
2016-01-07,36400,36400,35300,35450,176169,-0.024759284731774467
2016-01-08,35150,35400,34850,35350,197663,-0.0028208744710860323
2016-01-11,35100,35150,34100,34350,247082,-0.028288543140028266
2016-01-12,34500,34550,33950,34250,209572,-0.0029112081513827937
2016-01-13,34150,34750,34150,34700,154661,0.013138686131386912
2016-01-14,34300,34500,33950,34350,138182,-0.010086455331412059
2016-01-15,34600,34850,34150,34250,129525,-0.0029112081513827937
2016-01-18,34150,34150,33100,33250,208117,-0.029197080291970767
2016-01-19,33050,34000,33050,33600,126532,0.010526315789473717
2016-01-20,33650,33650,31700,32000,351531,-0.04761904761904767
2016-01-21,31700,32250,31000,31450,330513,-0.017187500000000022
2016-01-22,31600,32900,31500,32800,311326,0.042925278219395846
2016-01-25,33700,34800,33450,33550,439032,0.02286585365853666
2016-01-26,32900,33300,32450,32950,181474,-0.01788375558867361
2016-01-27,33800,35200,33550,34950,368532,0.060698027314112224
2016-01-28,34800,37150,34700,36850,593831,0.05436337625178833
2016-01-29,36900,37600,36400,37350,330944,0.013568521031207537
2016-02-01,37700,37950,37350,37600,253982,0.006693440428380271
2016-02-02,36900,37200,36200,36650,230303,-0.025265957446808485
2016-02-03,35850,35950,35100,35200,273827,-0.0395634379263301
2016-02-04,36050,37000,35850,36650,212772,0.04119318181818188
2016-02-05,36300,36750,36050,36750,132939,0.0027285129604366354
2016-02-11,35500,36600,35400,36200,163468,-0.014965986394557818
2016-02-12,36000,37400,36000,36450,336294,0.006906077348066253
2016-02-15,37400,37750,37050,37250,232829,0.021947873799725626
2016-02-16,37350,37450,36700,37000,147796,-0.006711409395973145
2016-02-17,36750,37950,36500,37600,200793,0.016216216216216273
2016-02-18,38150,38350,37700,38000,250990,0.010638297872340496
2016-02-19,37750,37800,36600,37200,225585,-0.021052631578947323
2016-02-22,37100,37100,36150,36550,225893,-0.017473118279569877
2016-02-23,37050,37800,36650,37650,292530,0.030095759233926156
2016-02-24,37250,37750,36950,37400,128117,-0.006640106241699861
2016-02-25,37350,39250,37300,38700,464726,0.03475935828876997
2016-02-26,39000,40000,38850,39100,419200,0.010335917312661591
2016-02-29,39000,39300,38250,38400,214310,-0.01790281329923271
2016-03-02,38650,40000,38650,39800,302644,0.03645833333333326
2016-03-03,40150,40200,39200,39750,200476,-0.0012562814070351536
2016-03-04,39750,40550,39300,40200,246507,0.01132075471698113
2016-03-07,40700,41300,40650,41200,345080,0.02487562189054726
2016-03-08,41500,41700,40500,41100,268875,-0.0024271844660194164
2016-03-09,40850,41200,40450,41100,156892,0.0
2016-03-10,41500,41500,40850,41500,242392,0.009732360097323589
2016-03-11,41050,41200,40200,40500,304287,-0.02409638554216864
2016-03-14,40650,40850,40250,40500,123611,0.0
2016-03-15,40100,40350,39150,39600,283293,-0.022222222222222254
2016-03-16,39500,39850,38450,38750,372317,-0.02146464646464652
2016-03-17,39150,40000,38900,39750,234898,0.02580645161290329
2016-03-18,40350,40350,39600,39700,250118,-0.0012578616352201255
2016-03-21,39600,39650,38700,39550,182285,-0.0037783375314861534
2016-03-22,39500,39850,39250,39450,186210,-0.0025284450063211006
2016-03-23,39300,39550,39050,39300,96905,-0.0038022813688213253
2016-03-24,39100,39200,38350,38600,251996,-0.01781170483460559
2016-03-25,38400,38750,38150,38350,134715,-0.006476683937823857
2016-03-28,38600,38650,37700,37900,188692,-0.011734028683181186
2016-03-29,38050,39100,38000,38900,205384,0.02638522427440626
2016-03-30,38900,39000,38600,38750,115293,-0.003856041131105381
2016-03-31,38800,38850,37800,38350,284025,-0.010322580645161339
2016-04-01,38350,38350,37800,38000,163111,-0.009126466753585416
2016-04-04,37850,37850,37350,37700,173867,-0.007894736842105288
2016-04-05,37350,37700,37200,37700,112532,0.0
2016-04-06,37450,37800,37300,37650,120778,-0.0013262599469495706
2016-04-07,38100,38150,37750,37900,164261,0.006640106241699861
2016-04-08,37500,38300,37250,38000,174899,0.0026385224274405594
2016-04-11,38300,38850,38150,38700,205540,0.018421052631578894
2016-04-12,38650,39250,38150,39250,241209,0.01421188630490966
2016-04-14,39550,40200,39500,39850,316300,0.015286624203821653
2016-04-15,39900,40150,39300,39600,183388,-0.006273525721455453
2016-04-18,38850,39100,38350,39100,199026,-0.012626262626262652
2016-04-19,39450,40350,39000,40100,340538,0.025575447570332477
2016-04-20,40650,41650,40300,41250,593892,0.02867830423940143
2016-04-21,41800,41950,41250,41600,287538,0.00848484848484854
2016-04-22,41150,41450,40800,41050,133526,-0.013221153846153855
2016-04-25,41250,41300,40550,41000,129825,-0.0012180267965895553
2016-04-26,40500,40800,40300,40650,146376,-0.008536585365853666
2016-04-27,40750,41350,40550,40600,171560,-0.0012300123001229846
2016-04-28,40950,41600,40600,41000,290799,0.009852216748768461
2016-04-29,41250,41700,40800,41450,239996,0.01097560975609757
2016-05-02,41450,42200,40650,42100,347865,0.01568154402895061
2016-05-03,42100,42700,41550,42650,461964,0.013064133016627011
2016-05-04,41800,42250,41350,41450,220806,-0.028135990621336426
2016-05-09,41200,41750,40500,41550,244150,0.0024125452352230514
2016-05-10,41450,41450,40100,40650,216838,-0.02166064981949456
2016-05-11,40950,42000,40850,41850,270414,0.029520295202952074
2016-05-12,41850,42500,41300,42500,222683,0.015531660692950977
2016-05-13,42650,43100,42400,42700,292952,0.004705882352941115
2016-05-16,42150,43300,42150,43250,272603,0.012880562060889833
2016-05-17,43750,43800,42950,42950,269585,-0.006936416184971095
2016-05-18,43050,43150,41900,42300,183366,-0.015133876600698537
2016-05-19,41600,42850,41350,41600,249166,-0.01654846335697402
2016-05-20,41250,41300,39000,39700,562753,-0.04567307692307687
2016-05-23,39700,39950,38750,39650,203185,-0.0012594458438287548
2016-05-24,39650,40300,39250,39500,169102,-0.003783102143757877
2016-05-25,39550,40000,39550,39600,156152,0.0025316455696202667
2016-05-26,39650,39850,39450,39650,129099,0.0012626262626262985
2016-05-27,39950,40300,39650,39850,147363,0.0050441361916770955
2016-05-30,40050,40050,39200,39350,121302,-0.012547051442910906
2016-05-31,39150,40100,39050,39750,159243,0.010165184243964509
2016-06-01,39650,39850,39250,39550,153177,-0.005031446540880502
2016-06-02,39550,39750,39050,39050,169467,-0.012642225031605614
2016-06-03,39050,39300,38850,39050,209349,0.0
2016-06-07,39350,40350,39000,40100,278144,0.02688860435339313
2016-06-08,40100,40350,39850,40100,172186,0.0
2016-06-09,40300,40950,39900,40850,307572,0.018703241895261735
2016-06-10,40750,42000,40550,41950,275253,0.02692778457772338
2016-06-13,41500,41900,40350,40600,169084,-0.03218116805721094
2016-06-14,40600,41450,40350,41250,295117,0.016009852216748666
2016-06-15,41250,41750,40450,41500,271248,0.0060606060606061
2016-06-16,41550,41550,40200,40400,234928,-0.026506024096385583
2016-06-17,40500,41150,40450,40550,185046,0.003712871287128605
2016-06-20,40950,41500,40700,41000,134229,0.011097410604192337
2016-06-21,40900,40900,39600,39750,209695,-0.030487804878048808
2016-06-22,39850,40000,39400,39850,202511,0.002515723270440251
2016-06-23,40000,40000,39600,39950,91298,0.0025094102885820924
2016-06-24,40000,40200,37750,38100,349396,-0.04630788485607007
2016-06-27,37900,38600,37200,38350,206582,0.006561679790026309
2016-06-28,38000,39250,37800,39050,162299,0.018252933507170832
2016-06-29,39150,40000,39050,39300,151346,0.006402048655569814
2016-06-30,39600,39800,39250,39750,95807,0.011450381679389388
2016-07-01,39600,39850,39350,39500,108922,-0.0062893081761006275
2016-07-04,39500,39750,39050,39600,123698,0.0025316455696202667
2016-07-05,39650,39850,39300,39800,92480,0.005050505050504972
2016-07-06,40050,40600,39050,39250,225945,-0.013819095477386911
2016-07-07,39600,39800,39200,39550,111124,0.007643312101910826
2016-07-08,40200,40300,38600,39050,172748,-0.012642225031605614
2016-07-11,39450,39750,39250,39750,73283,0.017925736235595346
2016-07-12,39500,39650,39150,39450,121978,-0.007547169811320753
2016-07-13,39650,39950,39400,39700,151754,0.006337135614702172
2016-07-14,39650,40250,39600,39800,152046,0.0025188916876575096
2016-07-15,39950,40400,39950,40100,156180,0.007537688442211143
2016-07-18,40100,40200,39600,39800,130629,-0.007481296758104716
2016-07-19,39850,40200,39450,40050,150543,0.00628140703517599
2016-07-20,40150,40650,39800,40100,124819,0.0012484394506866447
2016-07-21,40200,41150,40200,40600,195862,0.012468827930174564
2016-07-22,40650,40900,40100,40400,128377,-0.0049261083743842304
2016-07-25,40600,40750,40350,40400,128436,0.0
2016-07-26,40350,41600,40200,41500,354748,0.027227722772277252
2016-07-27,41550,42100,41150,41800,223142,0.0072289156626506035
2016-07-28,41800,42100,41350,41900,198245,0.0023923444976077235
2016-07-29,41900,42300,41450,42300,179109,0.009546539379474916
2016-08-01,41950,42500,41750,42350,223147,0.0011820330969267712
2016-08-02,42300,42950,42000,42500,241095,0.0035419126328217754
2016-08-03,42150,42500,41600,41700,169960,-0.018823529411764683
2016-08-04,42000,42100,41300,41650,111507,-0.0011990407673860837
2016-08-05,41550,42150,41550,42100,104459,0.010804321728691502
2016-08-08,42200,42700,41900,42600,173582,0.01187648456057011
2016-08-09,42500,43100,42450,43100,176828,0.011737089201877993
2016-08-10,42800,44250,42800,44250,378117,0.026682134570765736
2016-08-11,43550,45300,43550,45000,453697,0.016949152542372836
2016-08-12,45250,45250,44150,44800,275150,-0.004444444444444473
2016-08-16,44500,45150,43300,43750,335296,-0.0234375
2016-08-17,43450,44850,43450,44700,280276,0.021714285714285797
2016-08-18,44850,44850,43900,44100,185605,-0.01342281879194629
2016-08-19,43950,44500,43500,43900,149718,-0.0045351473922902175
2016-08-22,43650,43800,42900,42900,201022,-0.02277904328018221
2016-08-23,43000,43050,41950,42700,218830,-0.004662004662004615
2016-08-24,42500,42750,42100,42700,118931,0.0
2016-08-25,42800,43350,42300,43000,112976,0.007025761124121788
2016-08-26,43000,43250,42450,43000,91343,0.0
2016-08-29,43000,43000,42050,42150,134595,-0.019767441860465085
2016-08-30,42150,43050,42150,42400,147615,0.005931198102016699
2016-08-31,42550,42750,41900,42450,190819,0.001179245283018826
2016-09-01,42150,43000,42100,42650,130885,0.004711425206124886
2016-09-02,42450,42700,41400,41850,219555,-0.01875732708089095
2016-09-05,41850,42250,41200,42000,226287,0.0035842293906809264
2016-09-06,41950,42300,41550,42250,122958,0.005952380952380931
2016-09-07,41950,43650,41950,43150,191664,0.02130177514792897
2016-09-08,43450,44200,43150,43300,254613,0.0034762456546928444
2016-09-09,43300,44600,43250,44100,280371,0.018475750577367167
2016-09-12,43900,44100,43300,43300,201284,-0.01814058956916098
2016-09-13,43850,44500,42200,43050,296235,-0.005773672055427226
2016-09-19,42350,43450,41750,43200,212135,0.0034843205574912606
2016-09-20,42800,43700,42800,43550,211563,0.00810185185185186
2016-09-21,43300,43600,43000,43400,129747,-0.003444316877152742
2016-09-22,43800,43850,43350,43500,138408,0.0023041474654377225
2016-09-23,43800,44000,43600,43850,196887,0.008045977011494232
2016-09-26,44000,44000,43000,43150,146126,-0.015963511972634015
2016-09-27,43050,43500,42600,43200,138190,0.0011587485515642815
2016-09-28,43300,43450,42700,43150,156636,-0.0011574074074074403
2016-09-29,43650,45100,43650,44750,662035,0.037079953650057895
2016-09-30,44450,44800,44100,44200,223061,-0.012290502793296132
2016-10-04,44350,45500,44300,44400,330497,0.004524886877828038
2016-10-05,44400,44750,43400,44450,206055,0.0011261261261261701
2016-10-06,44200,44650,43900,44250,265503,-0.004499437570303688
2016-10-07,44250,45000,44000,44550,231941,0.006779661016949046
2016-10-10,44950,45800,44800,45200,336696,0.014590347923681302
2016-10-11,45800,45950,45300,45500,200730,0.006637168141592875
2016-10-12,45550,45750,44300,44450,266282,-0.023076923076923106
2016-10-13,44350,44400,43500,43750,194300,-0.015748031496062964
2016-10-14,43900,44200,43550,43600,125018,-0.0034285714285714475
2016-10-17,43600,44500,43450,44000,189544,0.00917431192660545
2016-10-18,44050,45200,44050,44850,189831,0.01931818181818179
2016-10-19,44850,45050,43900,44200,178941,-0.01449275362318836
2016-10-20,44200,44750,43950,44250,118305,0.0011312217194570096
2016-10-21,44450,45800,44350,45750,405236,0.03389830508474567
2016-10-24,45900,46000,45700,46000,251845,0.005464480874316946
2016-10-25,46000,47200,46000,47050,449123,0.022826086956521774
2016-10-26,46850,47400,46150,46450,292205,-0.012752391073326264
2016-10-27,46200,46550,45200,45850,184856,-0.012917115177610294
2016-10-28,45550,46850,44950,45500,255575,-0.007633587786259555
2016-10-31,45500,46400,45050,46350,202222,0.018681318681318615
2016-11-01,46250,46550,45750,46500,208764,0.003236245954692629
2016-11-02,46350,47150,46250,47000,270848,0.010752688172043001
2016-11-03,46850,47050,45600,46000,291283,-0.021276595744680882
2016-11-04,45800,46850,45700,46400,229072,0.008695652173912993
2016-11-07,46750,46900,45800,46600,140554,0.004310344827586299
2016-11-08,46600,46800,45900,46000,172312,-0.012875536480686733
2016-11-09,46000,46500,44250,45600,340925,-0.008695652173912993
2016-11-10,45100,46000,44950,45250,294456,-0.007675438596491224
2016-11-11,44800,45050,43300,43800,445541,-0.03204419889502763
2016-11-14,43600,43800,42850,43750,179867,-0.0011415525114155667
2016-11-15,43300,43850,43100,43750,216485,0.0
2016-11-16,44150,44350,43550,43700,213541,-0.0011428571428571122
2016-11-17,43750,43750,43050,43450,144454,-0.005720823798627039
2016-11-18,43450,43500,42800,43000,166586,-0.010356731875719172
2016-11-21,43200,43300,42750,42900,145235,-0.0023255813953488857
2016-11-22,43550,44950,43250,44700,297492,0.04195804195804187
2016-11-23,44350,45100,43850,44850,213627,0.003355704697986628
2016-11-24,45100,45100,44200,44850,134631,0.0
2016-11-25,44850,44900,44200,44850,128993,0.0
2016-11-28,44800,44800,43650,44000,166601,-0.018952062430323324
2016-11-29,43950,43950,43300,43400,114643,-0.013636363636363669
2016-11-30,43250,43700,42850,42850,231993,-0.012672811059907807
2016-12-01,44000,45500,43850,44800,467125,0.04550758459743287
2016-12-02,44850,45250,44500,44750,107166,-0.0011160714285713969
2016-12-05,44850,45750,44500,45450,200551,0.015642458100558754
2016-12-06,45700,46200,45300,45950,194223,0.011001100110010986
2016-12-07,46300,46300,45200,45450,191640,-0.01088139281828071
2016-12-08,45500,47300,45450,47100,447866,0.03630363036303641
2016-12-09,46550,47800,46550,47250,284962,0.0031847133757962887
2016-12-12,47600,48850,47600,48650,404825,0.029629629629629672
2016-12-13,48900,48900,47650,48400,246007,-0.005138746145940343
2016-12-14,48050,48800,48050,48400,149548,0.0
2016-12-15,47400,49200,47350,48850,216373,0.009297520661156966
2016-12-16,48350,49000,48000,48750,200554,-0.0020470829068577334
2016-12-19,48750,48800,48100,48500,116308,-0.00512820512820511
2016-12-20,48500,48850,47600,47750,169568,-0.015463917525773141
2016-12-21,48000,48000,47100,47800,219809,0.0010471204188482464
2016-12-22,47800,48000,47250,47950,109600,0.003138075313807498
2016-12-23,47650,48600,47450,48250,150612,0.006256517205422307
2016-12-26,48000,49300,48000,49050,161884,0.01658031088082912
2016-12-27,49050,49500,48700,49050,174314,0.0
2016-12-28,48650,49700,48250,49300,181572,0.0050968399592252744
2016-12-29,49150,49350,48200,48450,168216,-0.017241379310344862
2017-01-02,48100,48650,47650,48300,80486,-0.003095975232198178
2017-01-03,48300,48650,47200,47600,203498,-0.01449275362318836
2017-01-04,47350,48200,46950,47850,212521,0.005252100840336116
2017-01-05,48150,48150,46950,47200,209154,-0.013584117032392928
2017-01-06,47000,47750,46750,47750,119676,0.01165254237288127
2017-01-09,47300,47750,47000,47550,92284,-0.004188481675392652
2017-01-10,47000,47700,46200,47700,217147,0.003154574132492094
2017-01-11,47050,48700,47050,48700,147133,0.020964360587002018
2017-01-12,48700,48800,47750,48200,228549,-0.010266940451745366
2017-01-13,48400,48400,47100,47750,142979,-0.009336099585062207
2017-01-16,47900,48000,47400,48000,99044,0.005235602094240788
2017-01-17,47300,48000,47300,47550,94219,-0.009375000000000022
2017-01-18,47550,47950,47250,47950,89692,0.008412197686645584
2017-01-19,47350,47900,46900,47200,164559,-0.015641293013555768
2017-01-20,47100,47800,46900,47550,133850,0.00741525423728806
2017-01-23,47100,47550,46100,46200,179357,-0.028391167192429068
2017-01-24,46050,46200,45200,45800,196361,-0.008658008658008698
2017-01-25,46000,46400,45600,45800,147332,0.0
2017-01-26,45800,46450,45600,45900,120593,0.0021834061135370675
2017-01-31,45300,46900,45300,46300,170045,0.008714596949890963
2017-02-01,46900,47200,46550,46800,139267,0.010799136069114423
2017-02-02,46850,47300,46300,46950,146946,0.0032051282051281937
2017-02-03,46700,47150,45850,46050,146545,-0.019169329073482455
2017-02-06,46700,46950,45600,46050,133554,0.0
2017-02-07,46150,47000,46150,46550,148596,0.010857763300760048
2017-02-08,46350,46950,46250,46700,126840,0.0032223415682062218
2017-02-09,46700,48000,46500,47800,235252,0.023554603854389677
2017-02-10,48200,48200,47350,47700,108540,-0.0020920502092049986
2017-02-13,48150,49000,48000,48900,229874,0.02515723270440251
2017-02-14,49000,49000,48100,48500,100923,-0.008179959100204526
2017-02-15,47500,49450,47400,49150,316443,0.013402061855670055
2017-02-16,48800,49450,48150,48500,144582,-0.01322482197355035
2017-02-17,48450,48850,47650,48400,105658,-0.0020618556701030855
2017-02-20,48400,48750,48050,48550,81449,0.0030991735537189147
2017-02-21,48600,48750,48150,48650,87249,0.002059732234809486
2017-02-22,48800,49700,48050,48250,167962,-0.008221993833504637
2017-02-23,48550,49050,47900,48800,155732,0.011398963730570033
2017-02-24,49050,49300,48650,49150,136992,0.0071721311475410054
2017-02-27,49200,49450,48450,48850,111072,-0.006103763987792443
2017-02-28,49000,49000,48200,48950,150028,0.0020470829068577334
2017-03-02,49100,49100,47700,48200,186421,-0.01532175689479065
2017-03-03,47900,48100,46950,47500,111924,-0.014522821576763434
2017-03-06,47200,47550,46650,47300,149512,-0.004210526315789442
2017-03-07,47500,48450,47100,47750,95334,0.009513742071881603
2017-03-08,47300,48450,47100,48450,153553,0.014659685863874339
2017-03-09,48000,48350,46950,46950,207342,-0.03095975232198145
2017-03-10,46650,47450,46050,47200,255213,0.005324813631522929
2017-03-13,47150,47900,47000,47350,120028,0.0031779661016948513
2017-03-14,47000,47800,47000,47150,127647,-0.004223864836325197
2017-03-15,47100,47600,46400,46850,188673,-0.006362672322375418
2017-03-16,47500,47500,46650,47400,166446,0.011739594450373536
2017-03-17,47450,47500,46350,46900,205334,-0.010548523206751037
2017-03-20,46850,47100,46400,46950,88779,0.0010660980810235365
2017-03-21,47000,47000,44300,45000,561582,-0.04153354632587858
2017-03-22,45200,45650,44500,45600,246249,0.01333333333333342
2017-03-23,45650,45950,45250,45450,153783,-0.003289473684210509
2017-03-24,45350,45650,44400,44750,196760,-0.015401540154015403
2017-03-27,44450,44900,44350,44650,90869,-0.0022346368715083775
2017-03-28,44550,44750,43900,44000,174618,-0.014557670772676334
2017-03-29,44100,44500,44000,44100,146717,0.002272727272727204
2017-03-30,44200,45300,43900,45250,236480,0.026077097505669
2017-03-31,45200,45500,44500,44950,219169,-0.006629834254143652
2017-04-03,44700,45250,44400,44800,127595,-0.0033370411568409697
2017-04-04,44550,44900,44500,44700,75580,-0.0022321428571429047
2017-04-05,44700,46200,44700,46150,320231,0.032438478747203625
2017-04-06,45800,45950,45150,45650,112624,-0.010834236186348822
2017-04-07,45700,46100,45400,46100,132026,0.009857612267250904
2017-04-10,45950,46000,45050,45150,84592,-0.02060737527114964
2017-04-11,45150,45500,44650,45250,95643,0.00221483942414169
2017-04-12,44950,46200,44800,45900,204444,0.01436464088397793
2017-04-13,46150,46500,45600,45800,132956,-0.002178649237472796
2017-04-14,46250,46400,45800,45900,88562,0.0021834061135370675
2017-04-17,46000,46650,45600,46400,114795,0.01089324618736387
2017-04-18,46000,46350,45700,45800,193917,-0.012931034482758674
2017-04-19,45550,45700,45050,45150,134186,-0.014192139737991272
2017-04-20,45000,45800,44600,45350,133311,0.0044296788482836025
2017-04-21,45550,45650,45000,45450,125916,0.0022050716648291946
2017-04-24,45000,45500,45000,45200,86629,-0.005500550055005493
2017-04-25,45050,45650,44850,45550,126028,0.007743362831858391
2017-04-26,45500,45750,45250,45700,143859,0.003293084522502765
2017-04-27,45700,46950,45550,46700,243427,0.02188183807439814
2017-04-28,46100,46600,45750,46600,179324,-0.0021413276231263545
2017-05-02,46600,46650,45950,46400,149984,-0.0042918454935622075
2017-05-04,45950,46400,45600,45900,132679,-0.010775862068965525
2017-05-08,45800,46000,45200,45650,222227,-0.005446623093681935
2017-05-10,45800,46250,45500,45650,261203,0.0
2017-05-11,45900,46700,45900,46700,240208,0.02300109529025196
2017-05-12,46550,49100,46350,48600,512385,0.04068522483940051
2017-05-15,48600,49100,48150,48650,255761,0.0010288065843622185
2017-05-16,49300,51800,49250,51700,928708,0.06269270298047269
2017-05-17,52000,52200,50900,51600,527468,-0.0019342359767892114
2017-05-18,50900,51700,50200,51300,401227,-0.005813953488372103
2017-05-19,51300,51300,50100,50600,353207,-0.013645224171540016
2017-05-22,51100,52100,50500,50600,328648,0.0
2017-05-23,50600,51600,49700,51200,343340,0.011857707509881354
2017-05-24,51200,51600,50800,51000,132311,-0.00390625
2017-05-25,50800,51900,50700,51500,213927,0.009803921568627416
2017-05-26,51500,52000,50600,51700,244634,0.003883495145631022
2017-05-29,52000,52400,51100,51500,219048,-0.003868471953578312
2017-05-30,51700,52000,51200,51600,164365,0.001941747572815622
2017-05-31,51500,51800,50400,50800,287521,-0.015503875968992276
2017-06-01,50700,51800,50500,51300,183896,0.009842519685039353
2017-06-02,51500,51800,50900,51400,170440,0.0019493177387914784
2017-06-05,51100,51400,50500,50800,140086,-0.011673151750972721
2017-06-07,50200,51300,49950,50900,209814,0.0019685039370078705
2017-06-08,50700,50700,49450,50200,312521,-0.013752455795677854
2017-06-09,50200,50400,49500,49650,221608,-0.010956175298804771
2017-06-12,49450,50200,49300,49550,126295,-0.002014098690835797
2017-06-13,49300,49750,48600,49550,228373,0.0
2017-06-14,49300,50700,49050,49500,290824,-0.0010090817356205317
2017-06-15,49400,50600,49400,50200,231890,0.014141414141414232
2017-06-16,50200,50900,49850,50800,191722,0.01195219123505975
2017-06-19,50800,51200,50300,51000,201803,0.003937007874015741
2017-06-20,52500,52800,51300,51700,470511,0.013725490196078383
2017-06-21,52100,52200,51100,51900,420510,0.003868471953578423
2017-06-22,51500,52500,50900,52500,273469,0.011560693641618602
2017-06-23,52500,52600,51400,51900,201439,-0.011428571428571455
2017-06-26,52300,52400,51600,52000,144194,0.0019267822736031004
2017-06-27,52000,53100,51600,51700,257668,-0.005769230769230749
2017-06-28,51900,52800,51700,52500,143443,0.015473887814313247
2017-06-29,53000,54400,53000,53700,433966,0.02285714285714291
2017-06-30,53700,54100,52700,53200,230808,-0.009310986964618295
2017-07-03,53300,53500,51300,51600,313891,-0.03007518796992481
2017-07-04,51400,52400,51300,51700,200079,0.0019379844961240345
2017-07-05,51700,52000,51100,51400,160237,-0.005802707930367523
2017-07-06,51200,51400,50300,50500,221148,-0.017509727626459193
2017-07-07,50600,51200,50500,50600,158087,0.001980198019801982
2017-07-10,50600,51100,49950,50000,236522,-0.011857707509881465
2017-07-11,50200,51200,50000,50800,156800,0.016000000000000014
2017-07-12,50800,51100,49950,50100,137117,-0.013779527559055094
2017-07-13,50700,50700,49500,50000,227320,-0.001996007984031989
2017-07-14,49950,49950,48950,49400,222372,-0.01200000000000001
2017-07-17,49650,49700,49050,49450,150854,0.0010121457489877805
2017-07-18,49500,49550,48800,48950,206101,-0.010111223458038388
2017-07-19,49200,49600,49000,49250,113893,0.006128702757916216
2017-07-20,49300,50200,49050,49800,188257,0.01116751269035543
2017-07-21,49600,50300,49600,49800,171051,0.0
2017-07-24,50100,50100,49650,49700,186084,-0.002008032128514081
2017-07-25,50100,50200,49600,49850,119993,0.003018108651911433
2017-07-26,50000,50000,49200,49350,179867,-0.010030090270812475
2017-07-27,49350,50200,49300,50000,116474,0.01317122593718345
2017-07-28,50200,50600,49450,50300,189142,0.006000000000000005
2017-07-31,50100,50700,50000,50200,108455,-0.001988071570576566
2017-08-01,50300,51900,50000,51400,242826,0.0239043824701195
2017-08-02,51500,51600,50600,50600,148188,-0.015564202334630295
2017-08-03,50300,50600,49500,49800,198644,-0.015810276679841917
2017-08-04,49600,50500,49600,50300,109119,0.010040160642570184
2017-08-07,50000,50400,49600,49950,124157,-0.006958250497017926
2017-08-08,49950,50700,49550,50600,156754,0.013013013013013053
2017-08-09,50300,50600,50000,50400,105882,-0.0039525691699604515
2017-08-10,50400,51000,48350,51000,594944,0.011904761904761862
2017-08-11,50000,50200,48500,48750,381784,-0.044117647058823484
2017-08-14,48450,49000,47700,47950,263474,-0.016410256410256396
2017-08-16,48100,48100,46850,47100,350358,-0.017726798748696537
2017-08-17,46550,47250,46550,47050,202139,-0.0010615711252653925
2017-08-18,46950,46950,46000,46050,354497,-0.02125398512221044
2017-08-21,46500,46750,46200,46600,174819,0.011943539630836053
2017-08-22,46650,46850,46000,46050,226593,-0.011802575107296098
2017-08-23,46200,46300,45650,45700,245075,-0.007600434310532034
2017-08-24,45750,46000,45400,45500,205299,-0.004376367614879695
2017-08-25,45550,46350,45450,45950,267333,0.009890109890109855
2017-08-28,45800,45900,45550,45650,125012,-0.006528835690968404
2017-08-29,45650,45650,45050,45300,135396,-0.00766703176341732
2017-08-30,45200,45250,44900,45250,130379,-0.001103752759381904
2017-08-31,45300,45700,45000,45300,142981,0.0011049723756906271
2017-09-01,45750,45750,45050,45100,188339,-0.004415011037527616
2017-09-04,44500,44950,44300,44500,185010,-0.013303769401330379
2017-09-05,44600,44700,43800,44050,176883,-0.010112359550561778
2017-09-06,43850,43850,43150,43350,231405,-0.01589103291713967
2017-09-07,43400,44150,43300,44150,199492,0.018454440599769306
2017-09-08,44000,44050,43450,43850,147548,-0.006795016987542479
2017-09-11,43850,43850,42550,43000,211690,-0.019384264538198415
2017-09-12,42900,43900,42900,43700,157139,0.016279069767441756
2017-09-13,43700,43750,42750,43100,184068,-0.013729977116704761
2017-09-14,42950,43650,42150,43100,362890,0.0
2017-09-15,43250,43800,42500,43700,149417,0.0139211136890951
2017-09-18,44000,44450,43500,43700,147618,0.0
2017-09-19,43700,44050,43300,43850,139345,0.003432494279176135
2017-09-20,43500,43750,43000,43300,176326,-0.012542759407069504
2017-09-21,43250,43550,43050,43150,137649,-0.0034642032332563577
2017-09-22,43100,43450,42850,43250,149876,0.002317497103128563
2017-09-25,43400,43400,41800,41950,168186,-0.030057803468208077
2017-09-26,41950,43400,41750,43400,170632,0.03456495828367112
2017-09-27,43500,43500,42050,42350,155295,-0.024193548387096753
2017-09-28,42100,42250,41800,42000,161833,-0.008264462809917328
2017-09-29,41800,42400,41800,42100,173811,0.0023809523809523725
2017-10-10,42150,42250,41300,41550,218509,-0.013064133016627122
2017-10-11,41550,41650,40600,41400,264520,-0.0036101083032491488
2017-10-12,41250,42800,41250,42500,279175,0.02657004830917864
2017-10-13,42500,44000,42500,43850,215796,0.03176470588235292
2017-10-16,43850,44000,43200,43850,174764,0.0
2017-10-17,43850,43850,42800,42850,155018,-0.022805017103762815
2017-10-18,42500,42700,41800,41900,150546,-0.022170361726954524
2017-10-19,42000,42600,41950,42300,137913,0.009546539379474916
2017-10-20,42000,42450,41900,42100,154426,-0.004728132387706863
2017-10-23,42100,42450,41250,41500,210990,-0.014251781472684133
2017-10-24,41350,42050,41250,42050,133482,0.013253012048192847
2017-10-25,41850,43700,41600,43400,321285,0.03210463733650415
2017-10-26,43200,43450,42100,42100,238992,-0.02995391705069128
2017-10-27,42050,42400,41850,41950,140328,-0.0035629453681710332
2017-10-30,42050,42150,41000,41200,283617,-0.017878426698450522
2017-10-31,41100,41300,40600,40850,257022,-0.008495145631068013
2017-11-01,40550,41350,40500,40600,252066,-0.006119951040391647
2017-11-02,40550,41200,40450,41100,171074,0.012315270935960632
2017-11-03,41400,41800,41200,41800,168379,0.017031630170316392
2017-11-06,41850,42050,41050,41400,170284,-0.009569377990430672
2017-11-07,41250,42850,41100,42700,414979,0.0314009661835748
2017-11-08,42650,43450,42500,42700,286606,0.0
2017-11-09,42950,43250,42700,42700,172409,0.0
2017-11-10,42700,43300,42600,42800,163733,0.0023419203747072626
2017-11-13,42600,42800,41750,41800,227747,-0.02336448598130836
2017-11-14,42100,45350,42050,45050,927132,0.0777511961722488
2017-11-15,44700,44700,43700,43950,496906,-0.02441731409544945
2017-11-16,44550,45150,43900,44950,335234,0.022753128555176305
2017-11-17,45050,45400,44550,44700,208280,-0.005561735261401579
2017-11-20,45000,45400,43950,44400,181111,-0.006711409395973145
2017-11-21,44400,44950,44100,44650,193953,0.005630630630630629
2017-11-22,44600,45000,44200,44800,159606,0.0033594624860022737
2017-11-23,44900,45550,44850,45200,216537,0.008928571428571397
2017-11-24,45050,45200,43500,44250,367962,-0.021017699115044253
2017-11-27,44000,44350,43700,43800,134311,-0.01016949152542368
2017-11-28,43750,44150,43500,44000,129040,0.004566210045662045
2017-11-29,44000,44150,43700,43800,82340,-0.004545454545454519
2017-11-30,43750,44250,43250,44250,244613,0.010273972602739656
2017-12-01,44200,44200,43300,43350,161269,-0.02033898305084747
2017-12-04,43400,43950,43350,43850,101858,0.011534025374855927
2017-12-05,43850,44800,43850,44600,185631,0.01710376282782211
2017-12-06,44600,44700,43600,43600,224784,-0.022421524663677084
2017-12-07,43650,44100,42850,42850,181472,-0.017201834862385357
2017-12-08,42850,42850,41650,41850,282489,-0.023337222870478458
2017-12-11,41600,42300,41000,41800,227777,-0.0011947431302270495
2017-12-12,41750,42600,41300,42400,218984,0.014354066985645897
2017-12-13,42400,43350,42200,42850,180450,0.010613207547169878
2017-12-14,43000,43000,41500,41500,380371,-0.031505250875145885
2017-12-15,41950,43500,41800,43250,309394,0.04216867469879526
2017-12-18,43250,43400,42750,43000,93756,-0.005780346820809301
2017-12-19,43100,43550,42600,43100,147081,0.0023255813953488857
2017-12-20,43000,43500,42550,43450,87784,0.008120649651972123
2017-12-21,43200,43250,42550,42950,114779,-0.011507479861910253
2017-12-22,42750,42900,42250,42350,106005,-0.01396973224679865
2017-12-26,42350,42750,42000,42150,129161,-0.0047225501770956635
2017-12-27,42300,42550,41550,41700,179913,-0.010676156583629859
2017-12-28,41750,42600,41750,42550,114177,0.020383693045563644
2018-01-02,43000,44500,42700,44350,327142,0.04230317273795525
2018-01-03,43900,44300,43350,43900,199542,-0.01014656144306647
2018-01-04,43900,44350,43700,44100,232906,0.004555808656036442
2018-01-05,43850,43950,43350,43450,122032,-0.01473922902494329
2018-01-08,43450,43500,42650,43300,224193,-0.0034522439585730202
2018-01-09,43050,43700,42850,43700,153235,0.009237875288683695
2018-01-10,43900,45200,43800,45100,431338,0.03203661327231111
2018-01-11,45100,45300,44250,44700,299167,-0.008869179600886956
2018-01-12,45050,48400,45000,47950,1038998,0.0727069351230425
2018-01-15,48550,50100,48450,49000,620962,0.021897810218978186
2018-01-16,49950,49950,48200,48350,286578,-0.013265306122449028
2018-01-17,48050,48950,47500,48100,255893,-0.005170630816959676
2018-01-18,47800,48650,47350,47400,187517,-0.014553014553014498
2018-01-19,47100,47950,47100,47850,189941,0.009493670886076
2018-01-22,48000,49150,47650,48950,261612,0.02298850574712641
2018-01-23,48950,49500,48550,49100,164119,0.003064351378958108
2018-01-24,49500,51600,49300,51100,762019,0.04073319755600813
2018-01-25,51500,52000,50900,51100,320259,0.0
2018-01-26,51000,51700,50500,51400,198181,0.005870841487279899
2018-01-29,50900,51900,50900,51600,242838,0.0038910505836575737
2018-01-30,51100,51300,49950,50300,276866,-0.025193798449612448
2018-01-31,49550,49700,48550,49350,389022,-0.0188866799204771
2018-02-01,49350,50200,48750,50000,218049,0.01317122593718345
2018-02-02,50000,50800,49200,49600,181703,-0.008000000000000007
2018-02-05,49200,49900,48350,48400,237441,-0.024193548387096753
2018-02-06,47100,47900,46500,47700,290891,-0.01446280991735538
2018-02-07,48000,48000,46250,46300,310198,-0.02935010482180289
2018-02-08,46000,47150,45750,46650,239037,0.0075593952483801186
2018-02-09,46000,46850,45450,46450,151964,-0.004287245444801746
2018-02-12,46300,46400,44650,45100,278511,-0.0290635091496233
2018-02-13,45150,45500,44350,44450,180121,-0.014412416851441234
2018-02-14,44450,44950,44050,44350,122765,-0.0022497187851518996
2018-02-19,44800,47050,44600,47050,255282,0.06087936865839905
2018-02-20,46600,47600,46150,47200,182939,0.0031880977683316214
2018-02-21,46900,47550,46500,47100,146713,-0.0021186440677966045
2018-02-22,46700,47200,46300,46650,89670,-0.009554140127388533
2018-02-23,47200,47450,46400,47450,118494,0.017148981779206762
2018-02-26,47650,47950,47000,47300,90075,-0.0031612223393044925
2018-02-27,47100,47600,46750,46850,99006,-0.009513742071881603
2018-02-28,46350,46900,45900,45900,104367,-0.02027748132337248
2018-03-02,45750,49650,45750,48800,496042,0.06318082788671031
2018-03-05,49050,49750,48500,49100,190408,0.006147540983606481
2018-03-06,49100,49750,48700,49150,142783,0.0010183299389001643
2018-03-07,48750,49300,47850,48200,174560,-0.019328585961342792
2018-03-08,47950,48450,47050,47050,216022,-0.023858921161825752
2018-03-09,47450,48800,46750,47250,265673,0.004250797024442088
2018-03-12,47400,49900,47350,49300,311788,0.043386243386243306
2018-03-13,48850,49200,47900,48150,154233,-0.02332657200811361
2018-03-14,47600,47850,46650,46650,210012,-0.031152647975077885
2018-03-15,46650,47700,46650,47300,148735,0.013933547695605508
2018-03-16,47400,47750,46850,47050,126069,-0.005285412262156397
2018-03-19,46900,47000,45900,46500,135464,-0.011689691817215686
2018-03-20,46100,47200,45850,46200,137272,-0.006451612903225823
2018-03-21,46000,46650,45600,46400,118608,0.0043290043290042934
2018-03-22,46600,48450,46500,47850,242396,0.03125
2018-03-23,46750,47300,46400,46950,122459,-0.018808777429467072
2018-03-26,47100,49300,46800,49050,298771,0.04472843450479225
2018-03-27,49000,49950,48800,48800,170739,-0.0050968399592252744
2018-03-28,48850,49900,48250,49450,234121,0.013319672131147486
2018-03-29,49450,49450,48300,48550,114353,-0.018200202224469164
2018-03-30,49000,49000,48350,48450,82006,-0.002059732234809486
2018-04-02,48300,49500,48050,48300,133995,-0.003095975232198178
2018-04-03,48250,49050,47500,48850,158934,0.011387163561076497
2018-04-04,49000,50500,49000,49300,303399,0.00921187308085969
2018-04-05,49850,50700,49350,50500,219450,0.024340770791074995
2018-04-06,50800,50800,49500,49650,125043,-0.016831683168316847
2018-04-09,49700,49800,49000,49150,111772,-0.010070493454179208
2018-04-10,49200,49800,48900,49300,114634,0.003051881993896277
2018-04-11,49000,51300,49000,50500,392184,0.024340770791074995
2018-04-12,50900,51100,50000,50600,163874,0.001980198019801982
2018-04-13,50600,50700,49300,49500,158014,-0.021739130434782594
2018-04-16,49500,49850,48700,48950,90251,-0.011111111111111072
2018-04-17,49500,49550,48050,48500,183148,-0.009193054136874323
2018-04-18,48500,49300,48300,49000,138802,0.010309278350515427
2018-04-19,49550,51800,49500,50800,435642,0.03673469387755102
2018-04-20,50500,51500,49700,50000,160413,-0.015748031496062964
2018-04-23,50800,52900,50300,52800,514427,0.05600000000000005
2018-04-24,53000,53900,52200,53500,443579,0.01325757575757569
2018-04-25,53500,54300,53200,54300,370117,0.01495327102803734
2018-04-26,54400,54500,52800,53500,213276,-0.014732965009208066
2018-04-27,53500,53700,52400,53000,193942,-0.009345794392523366
2018-04-30,53600,55500,53500,54800,403054,0.03396226415094339
2018-05-02,56500,59200,56000,58200,973608,0.06204379562043805
2018-05-03,58200,58200,54500,54500,496268,-0.06357388316151202
2018-05-04,54200,56700,53500,55500,341667,0.0183486238532109
2018-05-08,56100,57500,54600,55100,416948,-0.007207207207207245
2018-05-09,55300,55300,53700,53700,249626,-0.025408348457350294
2018-05-10,55000,57100,54800,55900,446426,0.040968342644320366
2018-05-11,56000,57000,55600,56400,202017,0.008944543828264706
2018-05-14,56700,60200,56700,59800,776472,0.06028368794326244
2018-05-15,59700,61900,59300,60700,560316,0.015050167224080369
2018-05-16,58800,61500,58500,59600,465883,-0.018121911037891292
2018-05-17,60500,61800,59400,59500,315771,-0.001677852348993314
2018-05-18,60200,61000,59200,61000,217131,0.025210084033613356
2018-05-21,61700,61800,60400,60900,206476,-0.0016393442622950616
2018-05-23,60500,62000,60400,61500,308431,0.009852216748768461
2018-05-24,61400,63700,61400,62000,268054,0.008130081300812941
2018-05-25,59200,60800,57700,58300,644695,-0.05967741935483872
2018-05-28,61000,62600,60000,60300,697343,0.03430531732418518
2018-05-29,61000,61000,58300,60700,368103,0.0066334991708125735
2018-05-30,60300,60800,59300,60200,280363,-0.008237232289950547
2018-05-31,60200,61800,59300,60300,467428,0.0016611295681063787
2018-06-01,61800,64500,61300,62500,602617,0.036484245439469376
2018-06-04,64000,64000,60300,60700,407732,-0.028800000000000048
2018-06-05,61300,62300,60300,61600,364448,0.014827018121911006
2018-06-07,62600,64600,62400,64000,471815,0.03896103896103886
2018-06-08,64700,65400,63200,63900,294514,-0.0015625000000000222
2018-06-11,64700,65500,63700,64300,305649,0.006259780907668322
2018-06-12,64300,65200,63900,64000,307127,-0.004665629860031051
2018-06-14,64600,64600,60700,60700,665509,-0.051562499999999956
2018-06-15,61300,64000,61200,64000,519189,0.054365733113673764
2018-06-18,65000,65100,61600,62500,295470,-0.0234375
2018-06-19,63400,63400,60500,61000,258611,-0.02400000000000002
2018-06-20,61600,63300,61400,63200,364995,0.0360655737704918
2018-06-21,63200,63300,60100,60400,281398,-0.044303797468354444
2018-06-22,60500,63000,60500,61700,405433,0.021523178807947074
2018-06-25,62400,64700,61200,64500,387818,0.04538087520259326
2018-06-26,64300,64300,62800,63400,220625,-0.01705426356589146
2018-06-27,64200,64500,62300,62400,178898,-0.01577287066246058
2018-06-28,62900,64300,61500,62700,228014,0.004807692307692291
2018-06-29,63400,64200,62000,64200,196408,0.02392344497607657
2018-07-02,63800,63900,59200,60100,352264,-0.06386292834890961
2018-07-03,61400,61400,58400,59800,370034,-0.004991680532445919
2018-07-04,59000,59300,56500,57100,436323,-0.04515050167224077
2018-07-05,56900,58700,56700,57000,235932,-0.0017513134851138146
2018-07-06,57400,60000,57300,59800,349950,0.04912280701754379
2018-07-09,60000,60100,56900,57600,310660,-0.03678929765886285
2018-07-10,58200,59500,57700,59100,221268,0.02604166666666674
2018-07-11,58600,60300,58400,60000,217904,0.015228426395939021
2018-07-12,60400,61000,59600,60600,200914,0.010000000000000009
2018-07-13,60600,61800,60400,61300,140301,0.011551155115511635
2018-07-16,60900,61100,58800,59500,171272,-0.029363784665579096
2018-07-17,59400,60400,58300,59300,171512,-0.003361344537815114
2018-07-18,59500,59800,57600,58100,222355,-0.0202360876897133
2018-07-19,57900,58700,56600,57500,187189,-0.0103270223752151
2018-07-20,57100,58600,56300,58000,161037,0.008695652173912993
2018-07-23,58400,59000,57400,57800,168585,-0.0034482758620689724
2018-07-24,57400,59100,57400,58300,176031,0.00865051903114189
2018-07-25,58300,59800,57600,58500,201603,0.0034305317324185847
2018-07-26,59000,59000,58100,58900,136039,0.006837606837606813
2018-07-27,58300,58500,56500,57300,227973,-0.02716468590831922
2018-07-30,57400,58400,57400,57800,125902,0.008726003490401313
2018-07-31,58200,58300,57200,58300,145132,0.00865051903114189
2018-08-01,58300,59400,58000,59100,143757,0.013722126929674117
2018-08-02,58900,59700,57500,57900,145916,-0.02030456852791873
2018-08-03,58400,58400,57200,57500,127848,-0.006908462867012077
2018-08-06,57300,57600,53800,54500,528215,-0.05217391304347829
2018-08-07,54500,54700,53400,54100,274745,-0.007339449541284404
2018-08-08,53900,55600,53900,55500,245949,0.025878003696857776
2018-08-09,56100,56100,54300,54500,284580,-0.018018018018018056
2018-08-10,54800,55300,53300,55100,177589,0.011009174311926495
2018-08-13,55100,57500,54700,55200,376105,0.001814882032667775
2018-08-14,55300,55700,54200,54900,227611,-0.005434782608695676
2018-08-16,54900,55700,54400,54800,157393,-0.0018214936247723523
2018-08-17,54700,55500,54400,54700,146792,-0.0018248175182481452
2018-08-20,55100,55600,54700,55200,126059,0.009140767824497242
2018-08-21,55300,55300,54700,55200,145892,0.0
2018-08-22,55000,55400,53600,53800,223085,-0.025362318840579712
2018-08-23,54100,54500,52200,53400,344234,-0.0074349442379182396
2018-08-24,53700,54100,53100,53900,129646,0.009363295880149725
2018-08-27,53300,53500,52700,52900,161689,-0.01855287569573283
2018-08-28,53000,53100,52300,52800,213980,-0.001890359168241984
2018-08-29,52800,53800,52700,53700,163003,0.017045454545454586
2018-08-30,53700,53800,52100,52800,265542,-0.016759776536312887
2018-08-31,52500,53100,52400,52600,149735,-0.0037878787878787845
2018-09-03,52400,52700,51700,52300,134218,-0.005703422053231932
2018-09-04,52500,53700,52200,53700,184665,0.026768642447418722
2018-09-05,53400,54500,53200,53900,227671,0.003724394785847407
2018-09-06,54300,54700,53700,54400,156250,0.00927643784786647
2018-09-07,54500,54700,53300,54500,133240,0.0018382352941177516
2018-09-10,54100,56800,54100,56600,303729,0.038532110091743066
2018-09-11,56400,56600,55700,56300,184001,-0.005300353356890497
2018-09-12,56300,57300,55500,57200,326554,0.015985790408525657
2018-09-13,57400,58500,56700,58500,304936,0.022727272727272707
2018-09-14,58400,59500,58000,58700,187310,0.0034188034188034067
2018-09-17,58000,58800,57700,58200,274342,-0.008517887563884163
2018-09-18,57600,57900,56500,56800,208939,-0.02405498281786944
2018-09-19,57100,57300,55700,56000,153232,-0.014084507042253502
2018-09-20,55700,57200,55500,56600,188754,0.010714285714285676
2018-09-21,57200,58900,56600,58700,245582,0.03710247349823326
2018-09-27,58500,61500,58200,61200,462806,0.042589437819420706
2018-09-28,61300,61300,59400,60700,259974,-0.008169934640522847
2018-10-01,60200,61000,59400,60500,186783,-0.0032948929159802853
2018-10-02,60500,63000,60200,62200,286295,0.028099173553719048
2018-10-04,62600,62900,60200,61100,249719,-0.01768488745980712
2018-10-05,61200,62800,60300,62400,285590,0.02127659574468077
2018-10-08,62800,63100,61700,62400,209723,0.0
2018-10-10,62200,62600,59700,60200,237570,-0.03525641025641024
2018-10-11,58600,59500,57000,58000,400221,-0.03654485049833889
2018-10-12,57800,58000,56300,57400,273738,-0.010344827586206917
2018-10-15,56800,58800,56600,57700,179220,0.005226480836237002
2018-10-16,57900,58600,56300,57000,129272,-0.012131715771230511
2018-10-17,58000,58400,56800,57400,92288,0.007017543859649145
2018-10-18,56900,57000,54200,55400,346243,-0.03484320557491294
2018-10-19,54600,55900,54200,55500,169394,0.0018050541516245744
2018-10-22,55700,55800,54600,55100,116086,-0.007207207207207245
2018-10-23,54300,54800,52900,53600,160010,-0.02722323049001818
2018-10-24,53600,53600,52300,52900,276077,-0.013059701492537323
2018-10-25,52200,54800,51900,54700,296946,0.03402646502835549
2018-10-26,54500,54900,51400,51700,200765,-0.054844606946983565
2018-10-29,51000,53000,50300,51000,194766,-0.013539651837524147
2018-10-30,51000,51700,50100,51000,154180,0.0
2018-10-31,50800,52500,50100,52100,180084,0.021568627450980316
2018-11-01,52100,52400,51200,51600,116957,-0.009596928982725572
2018-11-02,51400,53500,51200,53100,162980,0.029069767441860517
2018-11-05,52800,53400,52000,53200,142428,0.0018832391713747842
2018-11-06,53600,54300,51600,52300,156367,-0.016917293233082664
2018-11-07,52300,53500,52100,52400,153891,0.0019120458891013214
2018-11-08,53000,53400,52300,52900,219750,0.009541984732824416
2018-11-09,52500,54000,52100,53600,175290,0.013232514177693666
2018-11-12,53100,53200,52000,52700,192909,-0.016791044776119368
2018-11-13,52800,52800,51200,52100,173756,-0.011385199240986688
2018-11-14,50700,51400,48500,49100,608420,-0.05758157389635321
2018-11-15,49200,49250,47000,48950,420956,-0.003054989816700604
2018-11-16,49150,49500,48200,49350,240898,0.008171603677221695
2018-11-19,49500,50600,49300,50200,279367,0.01722391084093222
2018-11-20,50300,51600,50000,50400,272037,0.003984063745019917
2018-11-21,49400,50300,49250,50100,173105,-0.005952380952380931
2018-11-22,50200,50800,49550,50100,99266,0.0
2018-11-23,50100,50600,49750,50600,99132,0.009980039920159722
2018-11-26,50000,50200,48150,48650,343099,-0.038537549407114624
2018-11-27,48800,49350,48650,48850,186136,0.004110996916752319
2018-11-28,49150,50700,48950,50600,266708,0.035823950870010224
2018-11-29,50800,51700,49750,49850,165705,-0.014822134387351804
2018-11-30,49900,51300,49900,51000,231264,0.02306920762286868
2018-12-03,51200,52700,50500,52700,226045,0.03333333333333344
2018-12-04,52800,53500,51400,52100,188334,-0.011385199240986688
2018-12-05,51600,52100,50800,51100,114661,-0.019193857965451033
2018-12-06,51300,51700,49850,50200,196283,-0.017612524461839585
2018-12-07,50000,51100,49950,50800,112149,0.01195219123505975
2018-12-10,50500,53000,50400,53000,239151,0.04330708661417315
2018-12-11,53000,53100,51400,52000,141911,-0.018867924528301883
2018-12-12,52700,53100,51500,52900,242309,0.017307692307692246
2018-12-13,52800,53900,52200,52400,240348,-0.009451795841209809
2018-12-14,52600,53300,51200,52000,168275,-0.007633587786259555
2018-12-17,52500,52900,51700,52000,84968,0.0
2018-12-18,52200,52700,50600,51200,209686,-0.01538461538461533
2018-12-19,51000,51000,48450,48550,529428,-0.0517578125
2018-12-20,48700,49150,48150,49100,222361,0.011328527291452062
2018-12-21,48750,48850,48050,48600,227067,-0.010183299389002087
2018-12-24,48300,49150,48100,48750,128984,0.0030864197530864335
2018-12-26,48050,48500,46450,46900,283239,-0.0379487179487179
2018-12-27,47300,48250,46000,48100,212814,0.02558635394456288
2018-12-28,47600,48350,47400,48200,188794,0.0020790020790020236
2019-01-02,48250,48250,46150,46350,243327,-0.038381742738589186
2019-01-03,46500,47450,46400,47350,159210,0.02157497303128375
2019-01-04,47300,48500,46950,48300,174955,0.020063357972544882
2019-01-07,48850,49450,48100,49450,210998,0.023809523809523725
2019-01-08,49050,49350,48300,48450,138438,-0.020222446916076886
2019-01-09,48600,49700,48600,49250,127776,0.016511867905056654
2019-01-10,49550,50500,49250,50000,202438,0.015228426395939021
2019-01-11,50000,52500,50000,52400,256739,0.04800000000000004
2019-01-14,51900,52300,50700,52200,172629,-0.003816793893129722
2019-01-15,52200,53000,51300,52200,151791,0.0
2019-01-16,52600,53700,52300,53600,259256,0.026819923371647514
2019-01-17,53600,54000,52000,53700,247743,0.001865671641791078
2019-01-18,54000,54900,52700,53900,264443,0.003724394785847407
2019-01-21,54800,54800,53100,53600,116153,-0.005565862708719838
2019-01-22,53700,54100,52600,53600,118397,0.0
2019-01-23,52900,53500,52500,53500,129137,-0.001865671641791078
2019-01-24,52700,53300,51800,52800,194376,-0.013084112149532756
2019-01-25,52300,53000,52100,52600,115927,-0.0037878787878787845
